doc_id,content
D001,"Artificial intelligence in clinical triage helps hospitals prioritize patients by combining symptoms, risk factors, and electronic health record signals. Retrieval systems for clinicians must balance semantic matching with transparent explanations so that critical cases are not hidden behind noisy keyword matches."
D002,"Telemedicine platforms generate transcripts, notes, prescriptions, and patient messages. Information retrieval over these heterogeneous records can reduce waiting time by surfacing previous consultations, medication history, and follow-up advice for doctors."
D003,"Remote patient monitoring devices collect heart rate, oxygen saturation, glucose readings, and activity data. Searchable dashboards can index device summaries and alert explanations to support early intervention in chronic disease management."
D004,"A clinical knowledge base stores treatment guidelines, drug interactions, and diagnostic pathways. Effective indexing requires metadata about disease area, publication date, evidence grade, and target population alongside the full text of each guideline."
D005,"Duplicate clinical documents often appear when hospitals copy discharge summaries across departments. Near-duplicate detection improves search ranking, recommendation quality, and evaluation by preventing repeated versions from dominating the result list."
D006,"Patient privacy regulations require careful handling of personally identifiable information. Health information retrieval systems should store sensitive metadata separately, apply access controls, and avoid exposing raw identifiers in search snippets."
D007,"Biomedical literature search uses query expansion for synonyms such as heart attack and myocardial infarction. Expansion improves recall but can reduce precision if the ranking model does not understand clinical context."
D008,"A hospital incident dashboard combines crawled public advisories, internal reports, and policy documents. Crawling depth, seed selection, duplicate URL handling, and metadata extraction determine whether the index stays current and trustworthy."
D009,"BM25 ranking rewards documents that contain important query terms without overvaluing very long documents. It is a strong baseline for medical search because clinicians often use concise keyword queries."
D010,"TF-IDF vector search represents documents as weighted term features. It supports similarity comparison, recommendation, clustering, and corpus profiling, but vocabulary choices and preprocessing strategy strongly affect the final retrieval quality."
D011,"PageRank estimates importance through links or similarity relationships. In a document collection without hyperlinks, a similarity graph can approximate authority by connecting documents that cite similar concepts or share strong content overlap."
D012,"HITS separates hubs and authorities in a linked collection. For health portals, a hub may point to many reliable guidelines, while an authority receives references from many trusted pages."
D013,"Content-based recommendation suggests documents similar to what a clinician is reading. It works well when item descriptions are rich, but it can become narrow if the user needs new topics outside the current document."
D014,"Collaborative recommendation uses patterns across users, departments, or roles. It can discover unexpected resources, but it needs enough interaction history and must handle cold-start documents carefully."
D015,"Hybrid recommendation combines content similarity with collaborative signals or popularity. In hospital search, a hybrid method can recommend both clinically similar documents and frequently used protocols."
D016,"Evaluation of information retrieval uses precision, recall, F1-score, Precision at K, Recall at K, mean average precision, reciprocal rank, and normalized discounted cumulative gain. These metrics reveal both relevance and ranking quality."
D017,"Poor ranking can happen when preprocessing removes medically important terms, when synonyms are missing, when document length bias is high, or when authority signals dominate relevance signals. Improvements include query expansion, field boosting, learning-to-rank, and feedback."
D018,"Text mining transforms raw clinical text through tokenization, stop word removal, stemming, n-gram extraction, classification, and statistical analysis. Visualizing term distributions helps identify noisy terms and domain-specific vocabulary."
D019,"Document classification can group health documents into categories such as telemedicine, monitoring, privacy, ranking, recommendation, crawling, and evaluation. Category metadata improves filtering and performance analysis."
D020,"Search performance analytics measure index build time, query latency, corpus growth, vocabulary size, and duplicate rate. These indicators help teams decide when to recrawl, reindex, or tune ranking parameters."
D021,"Clinical chatbots depend on retrieval augmented generation to ground responses in reliable documents. The retrieval layer must rank trusted guidelines above casual notes and expose source metadata to users."
D022,"Public health web crawling can gather advisories from government pages, hospital bulletins, and research portals. Ethical crawling uses timeouts, page limits, and responsible seed selection."
D023,"Near-duplicate mitigation can use URL canonicalization, content hashing, shingling, and cosine similarity thresholds. Removing or clustering duplicates creates a cleaner index and fairer evaluation."
D024,"A complete health information retrieval workflow connects crawling, metadata management, preprocessing, indexing, ranking, recommendation, evaluation, and dashboard analytics in one executable application."
